country_code,channel_id,media_channel,ad_type,month_,spend,impressions,clicks,link_clicks,engagements,likes,video_views,video_watched_2s,purchases,leads,follows,rn
ID,18,,CI Follows,202503,376.77,32306,9208,0,9208,3443,31471,14610,0,0,5584,1
FR,1,,Conversion,202505,321.29,41036,851,563,596,2,0,0,176,0,2,1
AU,1,,Conversion,202505,2314.43,314121,7674,5230,5547,9,3,0,3064,0,9,1
SA,1,,Conversion,202505,331.9,213845,1924,1994,2024,1,0,0,219,0,1,1
HK,1,,Conversion,202505,17031.27,3633098,30310,23130,25003,18,207,0,5946,0,18,1
TW,1,,Conversion,202505,29466.1499,15836837,144400,99518,101636,79,5,0,18280,0,79,1
SG,1,,Conversion,202505,2618.7,528197,4672,3428,3553,0,0,0,795,0,0,1
ES,1,,Conversion,202505,209.75,46107,777,647,667,0,0,0,202,0,0,1
GB,1,,Conversion,202505,13175.47,1845784,23586,15623,16887,68,12,0,5078,0,68,1
ID,1,,Conversion,202505,194.1,253473,1870,1511,1609,0,0,0,173,0,0,1
KR,1,,Conversion,202505,42070.12,7125872,35425,31191,32935,14,128,0,10188,0,14,1
JP,1,,Conversion,202505,12023.29,1644486,14714,12868,13656,3,224,0,3851,0,3,1
TH,1,,Conversion,202505,40900.41,54390591,271451,194287,208856,945,249,0,26263,0,945,1
MY,1,,Conversion,202505,7722.07,5930156,24916,17264,18409,61,8,0,3224,0,61,1
US,1,,Conversion,202505,17213.1,982999,23294,17851,19526,128,0,0,7464,0,128,1
AU,1,,Conversion,202504,1024.38,125377,3866,2641,2775,2,0,0,1491,0,2,16
KR,1,,Conversion,202504,43356.4,6836631,37511,31775,33272,14,3,0,8937,0,14,16
TH,1,,Conversion,202504,29636.09,45540702,166572,105471,117364,919,1,0,16622,0,919,16
PH,1,,Conversion,202504,213.71,1159121,5088,4506,4574,0,0,0,554,0,0,16
MY,1,,Conversion,202504,4135.65,3556609,13979,9593,10592,49,37,0,1601,0,49,16
SG,1,,Conversion,202504,466.39,175895,1133,976,992,0,0,0,96,0,0,16
GB,1,,Conversion,202504,12672.14,1701202,30043,18076,19155,74,0,0,6173,0,74,16
JP,1,,Conversion,202504,5018.02,590030,5468,4600,4841,0,0,0,1593,0,0,16
TW,1,,Conversion,202504,25670.6,17638009,104875,85962,87546,63,1,0,11936,0,63,16
US,1,,Conversion,202504,13230.11,747500,18355,14010,15273,92,0,0,5670,0,92,16
HK,1,,Conversion,202504,7333.8,1829532,11699,8437,8914,9,21,0,1384,0,9,16
CN,1,,Conversion,202504,0.01,1,0,0,0,0,0,0,0,0,0,16
TW,1,,Conversion,202503,27636.28,14052727,94112,69923,71819,59,0,0,15698,0,59,29
HK,1,,Conversion,202503,34049.88,7024730,64294,38615,40169,29,1,0,10325,0,29,29
US,1,,Conversion,202503,27094.36,2046033,35106,26560,28596,139,0,0,11398,0,139,29
MY,1,,Conversion,202503,2263.3,1422749,6432,4345,4839,28,29,0,959,0,28,29
SA,1,,Conversion,202503,1375.99,1178923,12787,11817,12026,0,0,0,1,0,0,29
KR,1,,Conversion,202503,86166.78,12605727,94329,82063,85053,10,0,0,44952,0,10,29
JP,1,,Conversion,202503,9746.09,1170891,8318,6712,7210,0,0,0,2229,0,0,29
SG,1,,Conversion,202503,10281.05,1782332,19042,11814,12323,9,0,0,3096,0,9,29
FR,1,,Conversion,202503,174.18,29666,427,374,391,0,0,0,0,0,0,29
GB,1,,Conversion,202503,21117.21,2804353,39218,23434,24772,76,0,0,8695,0,76,29
AU,1,,Conversion,202503,2613.57,340046,8218,5696,5997,2,0,0,3066,0,2,29
TH,1,,Conversion,202503,53433.65,91679225,264767,180573,192081,844,0,0,26076,0,844,29
PH,1,,Conversion,202503,957.86,1135131,14222,10903,11230,0,0,0,9,0,0,29
ES,1,,Conversion,202503,197.18,36886,379,315,336,0,0,0,0,0,0,29
DE,1,,Conversion,202503,197.31,24743,443,363,381,2,0,0,0,0,2,29
TW,1,,Conversion,202502,23624.74,16919482,92956,68594,70427,64,68,0,14462,0,64,45
AE,1,,Conversion,202502,210.01,169411,473,323,346,0,0,0,0,0,0,45
TH,1,,Conversion,202502,36436.54,64008968,184969,130952,139627,780,0,0,21527,0,780,45
US,1,,Conversion,202502,27175.29,2580559,50915,36588,39356,204,0,0,18136,0,204,45
SG,1,,Conversion,202502,627.69,92964,995,528,604,3,0,0,2,0,3,45
JP,1,,Conversion,202502,10287.3,1568436,14034,11215,11793,1,35,0,3399,0,1,45
AU,1,,Conversion,202502,3657.95,563345,15267,10279,10802,0,0,0,5945,0,0,45
KR,1,,Conversion,202502,51505.61,11266289,48964,41073,43464,6,0,0,12092,0,6,45
PH,1,,Conversion,202502,246.48,1193806,7041,6374,6439,0,0,0,0,0,0,45
MY,1,,Conversion,202502,726.78,636016,3288,2168,2290,14,21,0,331,0,14,45
GB,1,,Conversion,202502,28104.89,4250811,64431,35540,37640,124,0,0,14590,0,124,45
HK,1,,Conversion,202502,11782.3,2644898,27600,20100,20783,10,1,0,4835,0,10,45
KR,1,,Conversion,202501,50335.94,11889122,48707,41812,44172,3,0,0,13728,0,3,58
SG,1,,Conversion,202501,509.42,103114,695,560,579,1,0,0,2,0,1,58
HK,1,,Conversion,202501,21572.57,4801624,43681,32431,33694,17,4,0,7667,0,17,58
TW,1,,Conversion,202501,47582.17,28758249,158453,118772,123092,69,720,0,21378,0,69,58
JP,1,,Conversion,202501,9340.29,1649362,14015,11516,12263,0,198,0,3521,0,0,58
US,1,,Conversion,202501,21547.63,2661106,58429,41298,43865,88,0,0,21409,0,88,58
GB,1,,Conversion,202501,29305.1,4131317,87867,49012,51117,3,0,0,18344,0,3,58
AU,1,,Conversion,202501,7211.09,1364630,35171,22168,23815,0,0,0,11824,0,0,58
MY,1,,Conversion,202501,7163.39,4232286,17117,10986,13334,77,1154,0,1166,0,77,58
TH,1,,Conversion,202501,36817.67,54092214,193528,140603,150327,801,0,0,25430,0,801,58
AU,1,FB,Conversion,202505,1473.55,278808,1043,602,635,2,0,0,242,0,2,1
US,1,FB,Conversion,202505,3116.84,264548,826,598,637,1,0,0,1428,0,1,1
CN,1,FB&IG,Conversion,202505,0.03,3,0,0,0,0,0,0,0,0,0,1
TH,1,FB&IG,Conversion,202505,7167.91,7711994,62979,40995,43147,93,24,0,6737,0,93,1
FR,1,FB&IG,Conversion,202505,210.43,35490,598,424,451,0,0,0,131,0,0,1
IQ,1,FB&IG,Conversion,202505,0.02,3,0,0,0,0,0,0,0,0,0,1
OM,1,FB&IG,Conversion,202505,0.01,2,0,0,0,0,0,0,0,0,0,1
JP,1,FB&IG,Conversion,202505,34698.61,5098902,52528,47469,48891,23,405,0,12598,0,23,1
SG,1,FB&IG,Conversion,202505,6720.49,1979912,12010,10362,10642,3,8,0,1908,0,3,1
EG,1,FB&IG,Conversion,202505,0.42,39,0,0,0,0,0,0,0,0,0,1
US,1,FB&IG,Conversion,202505,456.18,33125,688,498,569,1,3,0,190,0,1,1
ID,1,FB&IG,Conversion,202505,258.03,243306,2106,1643,1901,0,152,0,283,0,0,1
AU,1,FB&IG,Conversion,202505,9081.92,1381921,14328,11152,11986,25,12,0,4017,0,25,1
ES,1,FB&IG,Conversion,202505,423.42,91621,1196,858,895,2,0,0,242,0,2,1
QA,1,FB&IG,Conversion,202505,0.03,4,0,0,0,0,0,0,0,0,0,1
GB,1,FB&IG,Conversion,202505,429.4,53029,1474,1003,1029,0,0,0,331,0,0,1
TW,1,FB&IG,Conversion,202505,147402.06,47902124,326876,251861,260251,258,128,0,60301,0,258,1
HK,1,FB&IG,Conversion,202505,59790.89,16024781,101758,80373,83658,68,327,0,19316,0,68,1
ZA,1,FB&IG,Conversion,202505,0.02,1,0,0,0,0,0,0,0,0,0,1
SA,1,FB&IG,Conversion,202505,12596.25,12484422,71126,48166,51603,175,5,0,86,0,175,1
BH,1,FB&IG,Conversion,202505,1.44,3,0,0,0,0,0,0,0,0,0,1
JO,1,FB&IG,Conversion,202505,0.03,2,0,0,0,0,0,0,0,0,0,1
KR,1,FB&IG,Conversion,202505,65859.08,9885886,64779,58562,61392,7,200,0,25607,0,7,1
KW,1,FB&IG,Conversion,202505,0.07,5,0,0,0,0,0,0,0,0,0,1
JP,1,FB&IG,Conversion,202504,19956.84,2800551,35507,32034,32553,1,3,0,7762,0,1,24
SA,1,FB&IG,Conversion,202504,6815.46,10138092,63568,39812,43624,53,0,0,32,0,53,24
SG,1,FB&IG,Conversion,202504,3785.52,1097435,6364,5423,5577,1,1,0,960,0,1,24
TH,1,FB&IG,Conversion,202504,4129.48,4967599,35814,25674,26895,12,0,0,2967,0,12,24
PH,1,FB&IG,Conversion,202504,213.55,454477,4648,3648,3741,1,0,0,308,0,1,24
US,1,FB&IG,Conversion,202504,761.62,75710,1677,1221,1376,7,0,0,433,0,7,24
HK,1,FB&IG,Conversion,202504,26420.57,7173868,48308,34742,36134,21,113,0,6690,0,21,24
TW,1,FB&IG,Conversion,202504,70865.98,25616479,151912,116471,121183,165,4,0,29537,0,165,24
GB,1,FB&IG,Conversion,202504,9399.96,1201158,26932,14082,14594,48,0,0,5072,0,48,24
KR,1,FB&IG,Conversion,202504,30615.61,4398298,31773,27981,29139,2,5,0,10484,0,2,24
AU,1,FB&IG,Conversion,202504,3292.43,479750,6620,4682,5005,9,1,0,2520,0,9,24
TW,1,FB&IG,Conversion,202503,86373.36,30389904,180510,133894,138777,161,0,0,39823,0,161,36
KR,1,FB&IG,Conversion,202503,46601.25,6235014,44826,39335,40829,2,0,0,19219,0,2,36
PH,1,FB&IG,Conversion,202503,972.81,1072315,12327,8106,8483,1,0,0,4,0,1,36
HK,1,FB&IG,Conversion,202503,47795.96,9978025,86769,52093,54190,22,28,0,15345,0,22,36
JP,1,FB&IG,Conversion,202503,14815.33,2071604,23700,21452,21733,0,0,0,6553,0,0,36
CN,1,FB&IG,Conversion,202503,0.01,1,0,0,0,0,0,0,0,0,0,36
AU,1,FB&IG,Conversion,202503,6595.05,1082855,14946,10269,10991,7,0,0,5971,0,7,36
FR,1,FB&IG,Conversion,202503,117.59,20790,326,274,286,2,0,0,0,0,2,36
US,1,FB&IG,Conversion,202503,1088.6,86747,1289,895,980,0,0,0,135,0,0,36
SG,1,FB&IG,Conversion,202503,8912.33,1286083,13920,7569,7916,8,0,0,2372,0,8,36
TH,1,FB&IG,Conversion,202503,17633.62,15361478,123640,80517,84245,150,0,0,11681,0,150,36
DE,1,FB&IG,Conversion,202503,202.89,24047,381,326,338,1,0,0,0,0,1,36
GB,1,FB&IG,Conversion,202503,7559.13,1136807,19855,8628,9002,142,0,0,2953,0,142,36
ES,1,FB&IG,Conversion,202503,198.53,48506,395,318,339,0,0,0,0,0,0,36
SA,1,FB&IG,Conversion,202503,7762.58,3052043,26054,13403,15205,27,0,0,8,0,27,36
TW,1,FB&IG,Conversion,202502,72613.82,31550576,221905,144893,151354,254,0,0,38272,0,254,52
AU,1,FB&IG,Conversion,202502,9163.4,1934923,31149,19962,21385,6,0,0,11374,0,6,52
US,1,FB&IG,Conversion,202502,1126.9,168093,3641,2281,2449,6,0,0,1225,0,6,52
PH,1,FB&IG,Conversion,202502,412.41,427590,3752,2100,2281,0,0,0,1,0,0,52
TH,1,FB&IG,Conversion,202502,7409.54,6962557,48286,32280,33989,114,0,0,4659,0,114,52
MY,1,FB&IG,Conversion,202502,344.72,234457,1260,923,1037,1,0,0,0,0,1,52
JP,1,FB&IG,Conversion,202502,7249.08,1178168,10909,9441,9661,0,0,0,3133,0,0,52
ID,1,FB&IG,Conversion,202502,724.2,1298892,8002,5157,5761,0,0,0,3,0,0,52
AE,1,FB&IG,Conversion,202502,538.48,219841,1104,730,783,1,0,0,0,0,1,52
SG,1,FB&IG,Conversion,202502,491.21,88824,440,337,382,0,0,0,0,0,0,52
SA,1,FB&IG,Conversion,202502,1855.33,1294155,22415,8340,11152,0,0,0,6,0,0,52
KR,1,FB&IG,Conversion,202502,42781.92,8604129,45419,38082,39580,4,0,0,13235,0,4,52
GB,1,FB&IG,Conversion,202502,5182.4,962894,24847,9141,9436,85,0,0,4435,0,85,52
HK,1,FB&IG,Conversion,202502,13692.93,3093367,24484,16608,17458,22,10,0,4777,0,22,52
HK,1,FB&IG,Conversion,202501,17475.65,4100121,28003,19027,20147,36,6,0,5054,0,36,66
SA,1,FB&IG,Conversion,202501,2335.33,958579,7922,4721,5127,0,0,0,10,0,0,66
JP,1,FB&IG,Conversion,202501,5421.32,921653,8455,6773,7292,0,310,0,2405,0,0,66
AU,1,FB&IG,Conversion,202501,11505.64,2716981,48552,30313,32618,0,0,0,16710,0,0,66
KR,1,FB&IG,Conversion,202501,54780.79,11551155,51167,42422,44332,2,0,0,16560,0,2,66
SG,1,FB&IG,Conversion,202501,240.71,41779,273,176,186,0,0,0,0,0,0,66
ID,1,FB&IG,Conversion,202501,1494.36,2611152,12504,9457,10604,0,0,0,611,0,0,66
TH,1,FB&IG,Conversion,202501,9908.1,10074317,70199,46699,48852,169,0,0,10833,0,169,66
US,1,FB&IG,Conversion,202501,3707.95,663529,16793,9825,10436,26,0,0,5216,0,26,66
GB,1,FB&IG,Conversion,202501,7801.51,1303577,35798,18120,18718,0,0,0,8958,0,0,66
TW,1,FB&IG,Conversion,202501,45740.93,18309927,139432,94218,98655,133,0,0,26435,0,133,66
SG,1,IG,Conversion,202505,200.84,64205,83,65,67,0,0,0,533,0,0,1
AE,3,,Demand Gen,202505,0.7538,1947,33,0,59,\N,15,0,0,0,0,1
TW,3,,Demand Gen,202505,2097.7618,3230459,59145,0,0,\N,0,0,4,0,0,1
CA,3,,Demand Gen,202505,0.0009,3,0,0,0,\N,0,0,0,0,0,1
HK,3,,Demand Gen,202505,0.0205,28,0,0,2,\N,1,0,0,0,0,1
PH,3,,Demand Gen,202505,3739.0087,14151530,682585,0,945930,\N,116337,0,0,0,0,1
TH,3,,Demand Gen,202505,54.8947,135086,4211,0,14352,\N,4474,0,0,0,0,1
SG,3,,Demand Gen,202505,0.0306,63,1,0,4,\N,2,0,0,0,0,1
US,3,,Demand Gen,202505,0.0019,3,0,0,1,\N,1,0,0,0,0,1
NZ,3,,Demand Gen,202505,0.0022,4,0,0,0,\N,0,0,0,0,0,1
MY,3,,Demand Gen,202505,95.4235,217774,5852,0,22038,\N,7782,0,0,0,0,1
AU,3,,Demand Gen,202505,0.0002,1,0,0,0,\N,0,0,0,0,0,1
TW,3,,Demand Gen,202504,2174.4057,3185375,58298,0,310,\N,0,0,3,0,0,12
MY,3,,Demand Gen,202503,1651.5636,9600253,171417,0,0,\N,0,0,0,0,0,13
TH,3,,Demand Gen,202503,1369.9428,7018957,221804,0,0,\N,0,0,1,0,0,13
JP,3,,Demand Gen,202503,1482.7539,4363845,28238,0,0,\N,0,0,1,0,0,13
VN,3,,Demand Gen,202502,1108.3006,8286393,445953,0,0,\N,0,0,0,0,0,16
JP,3,,Demand Gen,202502,5427.8136,14214814,98929,0,0,\N,0,0,2,0,0,16
SG,3,,Demand Gen,202502,4601.7303,913919,9136,0,281658,\N,166172,0,108,0,0,16
MY,3,,Demand Gen,202502,1111.5755,3825312,163623,0,0,\N,0,0,1,0,0,16
PH,3,,Demand Gen,202502,1685.2751,12649240,666553,0,0,\N,0,0,2,0,0,16
PH,3,,Demand Gen,202501,86.1526,460121,22158,0,0,\N,0,0,0,0,0,21
SG,3,,Demand Gen,202501,12434.7013,6703320,88977,0,843257,\N,466819,0,219,0,0,21
MY,3,,Demand Gen,202501,680.8818,2921067,79636,0,0,\N,0,0,4,0,0,21
VN,3,,Demand Gen,202501,679.5432,5045865,272772,0,0,\N,0,0,0,0,0,21
US,3,,GDN(CPC),202504,2362.5405,2334481,26886,0,0,\N,0,0,1,0,0,1
SG,3,,GDN(CPC),202504,2428.4877,2365355,33141,0,0,\N,0,0,14,0,0,1
HK,3,,GDN(CPC),202504,625.7438,690610,7872,0,0,\N,0,0,11,0,0,1
AU,3,,GDN(CPC),202504,5140.8515,3467894,60024,0,0,\N,0,0,1,0,0,1
MY,3,,GDN(CPC),202504,1038.676,1445474,35182,0,0,\N,0,0,2,0,0,1
AU,3,,GDN(CPC),202503,348.4083,288188,3994,0,0,\N,0,0,0,0,0,6
AE,3,,GDN(CPC),202503,1427.8041,1580976,26595,0,0,\N,0,0,1,0,0,6
SG,3,,GDN(CPC),202503,691.3924,686472,10154,0,0,\N,0,0,3,0,0,6
DE,3,,GDN(CPC),202503,306.051,425826,6454,0,0,\N,0,0,0,0,0,6
JP,3,,GDN(CPC),202503,3459.5195,2436759,42193,0,0,\N,0,0,1,0,0,6
HK,3,,GDN(CPC),202503,566.5203,428913,4746,0,0,\N,0,0,17,0,0,6
TR,3,,GDN(CPC),202503,1902.5398,3569036,112997,0,0,\N,0,0,2,0,0,6
US,3,,GDN(CPC),202503,306.1482,241136,4086,0,0,\N,0,0,0,0,0,6
NL,3,,GDN(CPC),202503,120.1714,227965,3307,0,0,\N,0,0,0,0,0,6
GB,3,,GDN(CPC),202503,3198.3483,3326922,34181,0,0,\N,0,0,3,0,0,6
ES,3,,GDN(CPC),202503,120.1356,237837,4882,0,0,\N,0,0,0,0,0,6
MY,3,,GDN(CPC),202503,6611.1854,9139294,267405,0,0,\N,0,0,15,0,0,6
ID,3,,GDN(CPC),202503,1760.7729,3963151,144269,0,0,\N,0,0,1,0,0,6
IT,3,,GDN(CPC),202503,246.0759,320819,9708,0,0,\N,0,0,0,0,0,6
FR,3,,GDN(CPC),202503,492.1663,1029885,18467,0,0,\N,0,0,0,0,0,6
CA,3,,GDN(CPC),202503,123.5559,170062,1948,0,0,\N,0,0,0,0,0,6
TH,3,,GDN(CPC),202503,2790.4012,5100862,157986,0,0,\N,0,0,4,0,0,6
US,3,,GDN(CPC),202502,293.7308,249298,3360,0,0,\N,0,0,0,0,0,23
IT,3,,GDN(CPC),202502,236.8897,328580,9173,0,0,\N,0,0,0,0,0,23
MY,3,,GDN(CPC),202502,2084.788,3166702,89397,0,0,\N,0,0,15,0,0,23
NL,3,,GDN(CPC),202502,118.8679,239243,3255,0,0,\N,0,0,0,0,0,23
SG,3,,GDN(CPC),202502,1023.9072,1328600,22879,0,0,\N,0,0,5,0,0,23
GB,3,,GDN(CPC),202502,792.3521,1507916,17634,0,0,\N,0,0,2,0,0,23
FR,3,,GDN(CPC),202502,474.1798,997308,18163,0,0,\N,0,0,0,0,0,23
DE,3,,GDN(CPC),202502,294.8728,478833,5804,0,0,\N,0,0,0,0,0,23
CA,3,,GDN(CPC),202502,117.1078,156202,1635,0,0,\N,0,0,0,0,0,23
ES,3,,GDN(CPC),202502,118.6991,216731,4782,0,0,\N,0,0,0,0,0,23
MY,3,,GDN(CPC),202501,4465.205,8029880,226667,0,0,\N,0,0,6,0,0,33
TH,3,,GDN(CPC),202501,3685.5307,6864302,246582,0,0,\N,0,0,12,0,0,33
SG,3,,GDN(CPC),202501,3702.4965,4848899,73735,0,0,\N,0,0,14,0,0,33
GB,3,,GDN(CPC),202501,791.9933,1332240,17609,0,0,\N,0,0,0,0,0,33
HK,3,,GDN(CPC),202501,2867.7325,3074027,45483,0,0,\N,0,0,29,0,0,33
FR,3,,GDN(CPC),202501,472.5645,992005,15980,0,0,\N,0,0,0,0,0,33
ES,3,,GDN(CPC),202501,117.009,207965,5572,0,0,\N,0,0,0,0,0,33
NL,3,,GDN(CPC),202501,116.6205,222341,2916,0,0,\N,0,0,0,0,0,33
US,3,,GDN(CPC),202501,294.0215,250550,3517,0,0,\N,0,0,0,0,0,33
IT,3,,GDN(CPC),202501,236.1651,317400,12943,0,0,\N,0,0,0,0,0,33
VN,3,,GDN(CPC),202501,1356.9713,2255705,64914,0,0,\N,0,0,0,0,0,33
DE,3,,GDN(CPC),202501,294.5721,421682,6006,0,0,\N,0,0,0,0,0,33
PH,3,,GDN(CPC),202501,1784.0452,3372725,167468,0,0,\N,0,0,0,0,0,33
CA,3,,GDN(CPC),202501,117.3115,149997,1572,0,0,\N,0,0,0,0,0,33
GB,3,,GDN(CPM),202503,2310.114,13428590,8484,0,0,\N,0,0,0,0,0,1
JP,3,,GDN(CPM),202502,995.647,4732974,2218,0,0,\N,0,0,1,0,0,3
GB,3,,GDN(CPM),202502,232.4551,1481819,1161,0,0,\N,0,0,0,0,0,3
GB,3,,GDN(CPM),202501,443.24,2214532,1609,0,0,\N,0,0,0,0,0,5
SA,3,,Performance Max,202505,21102.4478,3696648,65218,0,195897,\N,115039,0,1467,0,0,1
CA,3,,Performance Max,202505,10524.014,594009,8493,0,155501,\N,108205,0,376,0,0,1
CN,3,,Performance Max,202505,73371.859,37164259,480636,0,443819,\N,300035,0,3319,0,0,1
FR,3,,Performance Max,202505,13822.5664,1587769,31374,0,126455,\N,91178,0,746,0,0,1
GB,3,,Performance Max,202505,153068.111,8201403,243768,0,735267,\N,571506,0,3250,0,0,1
US,3,,Performance Max,202505,78436.8837,5162767,85405,0,340313,\N,245839,0,1906,0,0,1
JP,3,,Performance Max,202505,222337.8019,27979697,415699,0,2437022,\N,1700022,0,6506,0,0,1
MY,3,,Performance Max,202505,160839.156,44877224,494037,0,6287436,\N,4443011,0,6817,0,0,1
KR,3,,Performance Max,202505,90387.3441,18673195,192672,0,1723860,\N,1100223,0,4096,0,0,1
AE,3,,Performance Max,202505,966.9848,100727,2009,0,18738,\N,11793,0,117,0,0,1
AU,3,,Performance Max,202505,56235.3009,4950296,73814,0,402235,\N,275304,0,1604,0,0,1
DE,3,,Performance Max,202505,11897.9857,1459141,30045,0,82866,\N,61314,0,671,0,0,1
RU,3,,Performance Max,202505,1785.2953,176113,9527,0,1136,\N,290,0,101,0,0,1
VN,3,,Performance Max,202505,58211.5738,10783057,183090,0,929867,\N,658194,0,2955,0,0,1
SG,3,,Performance Max,202505,264896.8114,32552884,417283,0,3437110,\N,2394885,0,7025,0,0,1
ID,3,,Performance Max,202505,83025.2221,23191371,304078,0,2643888,\N,1674448,0,5231,0,0,1
IT,3,,Performance Max,202505,82960.8563,6530982,154809,0,586461,\N,511125,0,1700,0,0,1
PH,3,,Performance Max,202505,82248.1517,22028355,293712,0,2941586,\N,2095349,0,3548,0,0,1
HK,3,,Performance Max,202505,409794.6785,93409673,1036131,0,6540952,\N,4882283,0,13150,0,0,1
TW,3,,Performance Max,202505,270058.2476,33032484,609796,0,3155838,\N,2282733,0,8098,0,0,1
MO,3,,Performance Max,202505,14394.0523,3762483,38146,0,92807,\N,73790,0,1098,0,0,1
TH,3,,Performance Max,202505,233031.5989,56609579,845706,0,8754855,\N,6316316,0,8842,0,0,1
ES,3,,Performance Max,202505,129686.4433,6021170,178658,0,1221591,\N,890485,0,2103,0,0,1
HK,3,,Performance Max,202504,519971.6686,115939135,1200172,0,7379876,\N,5248817,0,17751,0,0,25
JP,3,,Performance Max,202504,201272.7137,23608264,381149,0,2100203,\N,1469975,0,6064,0,0,25
VN,3,,Performance Max,202504,57750.105,10703673,187258,0,845428,\N,568380,0,2851,0,0,25
CA,3,,Performance Max,202504,12793.2675,698852,12927,0,129851,\N,83320,0,418,0,0,25
CN,3,,Performance Max,202504,79053.0812,27102636,412447,0,279921,\N,169305,0,3793,0,0,25
MO,3,,Performance Max,202504,15292.3944,3593555,39926,0,75105,\N,52400,0,1158,0,0,25
GB,3,,Performance Max,202504,185309.0316,10744527,291646,0,1017167,\N,765241,0,5726,0,0,25
SG,3,,Performance Max,202504,241545.3015,31732007,374752,0,3240418,\N,2254198,0,6606,0,0,25
ID,3,,Performance Max,202504,83906.5932,25888236,358595,0,2726677,\N,1705764,0,4796,0,0,25
TH,3,,Performance Max,202504,266793.1871,64188405,1015634,0,10828416,\N,7757876,0,9595,0,0,25
IN,3,,Performance Max,202504,3.2443,136,8,0,2,\N,0,0,0,0,0,25
IT,3,,Performance Max,202504,81731.1709,7508437,182172,0,449820,\N,329659,0,1648,0,0,25
AU,3,,Performance Max,202504,64396.2106,5220730,87508,0,398428,\N,254516,0,1721,0,0,25
ES,3,,Performance Max,202504,90007.173,4498229,138578,0,638381,\N,474267,0,1720,0,0,25
SA,3,,Performance Max,202504,15302.5144,2408805,53618,0,125048,\N,68124,0,1075,0,0,25
MY,3,,Performance Max,202504,145014.5368,38969094,441086,0,5080708,\N,3556194,0,6525,0,0,25
PH,3,,Performance Max,202504,78223.5042,23657714,341544,0,2954373,\N,2043905,0,3591,0,0,25
KR,3,,Performance Max,202504,85470.4909,18038669,195957,0,1509035,\N,963098,0,3742,0,0,25
FR,3,,Performance Max,202504,15354.8612,1570361,30282,0,191117,\N,128445,0,821,0,0,25
TW,3,,Performance Max,202504,220916.6836,29706624,535455,0,2358366,\N,1653350,0,6637,0,0,25
DE,3,,Performance Max,202504,12010.5646,1900531,29616,0,66370,\N,40519,0,683,0,0,25
US,3,,Performance Max,202504,67988.319,5301148,83431,0,230610,\N,145252,0,1848,0,0,25
SA,3,,Performance Max,202503,13931.3992,1632319,45151,0,74730,\N,38632,0,956,0,0,48
ID,3,,Performance Max,202503,83720.0119,23385971,325361,0,2636168,\N,1628662,0,4627,0,0,48
HK,3,,Performance Max,202503,606550.4887,106117613,1056809,0,7152700,\N,5113255,0,16959,0,0,48
GB,3,,Performance Max,202503,132461.6695,9104324,207281,0,868159,\N,649987,0,6024,0,0,48
TH,3,,Performance Max,202503,313917.1753,63050634,992462,0,9249943,\N,6634108,0,9708,0,0,48
JP,3,,Performance Max,202503,205670.1005,21316599,373557,0,1499312,\N,1020253,0,6088,0,0,48
FR,3,,Performance Max,202503,13160.4683,1359933,28070,0,139303,\N,91795,0,691,0,0,48
AU,3,,Performance Max,202503,62999.0197,4883673,79348,0,422827,\N,279632,0,1787,0,0,48
MO,3,,Performance Max,202503,13403.0027,1657203,25683,0,43561,\N,30064,0,947,0,0,48
US,3,,Performance Max,202503,57170.4993,4837966,76478,0,222277,\N,148292,0,1610,0,0,48
CA,3,,Performance Max,202503,15898.2328,684206,21387,0,125399,\N,86560,0,476,0,0,48
ES,3,,Performance Max,202503,69820.7359,4379556,118058,0,799950,\N,594453,0,1495,0,0,48
TW,3,,Performance Max,202503,241818.8679,30054641,495897,0,2346885,\N,1616594,0,6919,0,0,48
PH,3,,Performance Max,202503,86625.8434,22103032,299048,0,2795686,\N,1981239,0,3791,0,0,48
SG,3,,Performance Max,202503,258588.2598,29099225,332391,0,2915489,\N,2023869,0,6504,0,0,48
DE,3,,Performance Max,202503,9815.8755,1272901,24343,0,67084,\N,43010,0,537,0,0,48
IN,3,,Performance Max,202503,36.4112,2458,78,0,22,\N,11,0,1,0,0,48
KR,3,,Performance Max,202503,106955.6313,23342625,244101,0,1682681,\N,1073862,0,3641,0,0,48
VN,3,,Performance Max,202503,52952.0146,10076504,167444,0,774263,\N,496745,0,2837,0,0,48
IT,3,,Performance Max,202503,74149.681,5177810,149311,0,315164,\N,245213,0,1592,0,0,48
MY,3,,Performance Max,202503,122751.2593,33001799,349129,0,3513833,\N,2379483,0,5425,0,0,48
CN,3,,Performance Max,202503,92341.9554,27681994,366109,0,300060,\N,183645,0,3515,0,0,48
CA,3,,Performance Max,202502,16104.675,798679,15513,0,146042,\N,94711,0,481,0,0,71
MO,3,,Performance Max,202502,11134.7975,808182,19637,0,26847,\N,17758,0,735,0,0,71
IN,3,,Performance Max,202502,13.8792,739,30,0,9,\N,6,0,0,0,0,71
KR,3,,Performance Max,202502,124989.5521,26800846,278014,0,2042865,\N,1337193,0,4520,0,0,71
MY,3,,Performance Max,202502,98324.6289,30780666,347304,0,4038974,\N,2889310,0,4739,0,0,71
ES,3,,Performance Max,202502,31492.6412,3802888,90837,0,563740,\N,433666,0,1011,0,0,71
AU,3,,Performance Max,202502,54207.1815,4418739,73935,0,325513,\N,229170,0,1609,0,0,71
CN,3,,Performance Max,202502,99821.8421,32959733,384017,0,342881,\N,212451,0,2870,0,0,71
TW,3,,Performance Max,202502,242777.2134,34557602,530749,0,2015185,\N,1425772,0,6348,0,0,71
US,3,,Performance Max,202502,46507.1078,2657040,60697,0,205512,\N,137130,0,1275,0,0,71
SG,3,,Performance Max,202502,214570.9351,26770671,308933,0,2369652,\N,1626871,0,5375,0,0,71
FR,3,,Performance Max,202502,12677.7112,1503046,30324,0,151700,\N,109871,0,665,0,0,71
JP,3,,Performance Max,202502,218751.9486,25771765,418977,0,1651131,\N,1097728,0,5848,0,0,71
SA,3,,Performance Max,202502,10817.1709,1487854,39503,0,83512,\N,48309,0,724,0,0,71
ID,3,,Performance Max,202502,63740.5405,19547803,272448,0,2235529,\N,1504052,0,4305,0,0,71
PH,3,,Performance Max,202502,71204.5662,20517983,265749,0,2331209,\N,1647477,0,3495,0,0,71
VN,3,,Performance Max,202502,45546.2329,9699748,167204,0,675695,\N,443957,0,2393,0,0,71
TH,3,,Performance Max,202502,291326.8709,59981286,947604,0,8622291,\N,6106337,0,8710,0,0,71
DE,3,,Performance Max,202502,9107.2382,1423623,30384,0,56248,\N,35955,0,485,0,0,71
GB,3,,Performance Max,202502,107553.579,8768316,174422,0,884544,\N,661534,0,5692,0,0,71
HK,3,,Performance Max,202502,562798.0784,123475526,1032260,0,6487429,\N,4587651,0,12179,0,0,71
IT,3,,Performance Max,202502,56713.0117,7442459,148341,0,673336,\N,616906,0,1273,0,0,71
JP,3,,Performance Max,202501,216060.6837,27620216,453320,0,1923532,\N,1254910,0,5937,0,0,94
FR,3,,Performance Max,202501,12728.8535,1237745,33645,0,110579,\N,73816,0,680,0,0,94
IT,3,,Performance Max,202501,40679.4741,3793261,112770,0,711521,\N,667199,0,1089,0,0,94
PH,3,,Performance Max,202501,81561.3345,26358644,330331,0,2643696,\N,1818821,0,3942,0,0,94
ID,3,,Performance Max,202501,58869.1264,18644952,292880,0,2078938,\N,1281863,0,4521,0,0,94
AU,3,,Performance Max,202501,56740.6929,4562598,91286,0,290179,\N,203539,0,1754,0,0,94
IN,3,,Performance Max,202501,16.2249,766,34,0,35,\N,18,0,2,0,0,94
TH,3,,Performance Max,202501,308854.5058,67173413,1071509,0,8682885,\N,6047552,0,9592,0,0,94
SG,3,,Performance Max,202501,193464.5091,24978326,319410,0,2058465,\N,1378957,0,5013,0,0,94
TW,3,,Performance Max,202501,222195.6211,30382921,488843,0,1750639,\N,1224435,0,5800,0,0,94
KR,3,,Performance Max,202501,152790.2195,34066875,340793,0,2518616,\N,1651479,0,5724,0,0,94
HK,3,,Performance Max,202501,623706.0916,147556642,1178000,0,6911264,\N,4843459,0,13242,0,0,94
DE,3,,Performance Max,202501,10236.9219,1900916,39396,0,41828,\N,27300,0,562,0,0,94
CA,3,,Performance Max,202501,16097.9851,785786,16372,0,125562,\N,79017,0,485,0,0,94
SA,3,,Performance Max,202501,8104.5081,3335647,48430,0,81157,\N,44280,0,544,0,0,94
ES,3,,Performance Max,202501,25289.0332,2547558,69149,0,561557,\N,478076,0,1048,0,0,94
GB,3,,Performance Max,202501,101685.6823,9110581,167702,0,814801,\N,602661,0,5588,0,0,94
MO,3,,Performance Max,202501,11013.2372,600679,17956,0,21684,\N,13528,0,757,0,0,94
MY,3,,Performance Max,202501,95292.4269,30172986,389343,0,3612269,\N,2521286,0,4713,0,0,94
CN,3,,Performance Max,202501,117181.6988,46183250,479041,0,404711,\N,237663,0,3323,0,0,94
US,3,,Performance Max,202501,51933.3475,2969959,85849,0,198998,\N,133124,0,1526,0,0,94
VN,3,,Performance Max,202501,46909.1579,11189806,183364,0,894965,\N,578555,0,2525,0,0,94
ES,1,FB,Post Engagement,202504,141.86,416916,1292,910,1270,0,0,0,0,0,0,1
GB,1,FB,Post Engagement,202504,49.33,1120,267,2,256,0,0,0,0,0,0,1
ES,1,IG,Post Engagement,202505,946.16,565628,1240,2,371695,0,359462,0,0,0,0,1
IT,1,IG,Post Engagement,202505,842.77,631455,1225,4,413858,0,402113,0,0,0,0,1
GB,1,IG,Post Engagement,202504,581.87,110648,355,21,69037,0,64997,0,0,0,0,3
IT,1,IG,Post Engagement,202504,743.33,564832,1178,7,366725,0,345566,0,0,0,0,3
ES,1,IG,Post Engagement,202504,927.08,580677,1444,31,396499,0,384610,0,0,0,0,3
KR,1,FB,R&F,202505,4629.05,6413114,4963,2787,3309,0,0,0,586,0,0,1
KR,1,IG,R&F,202505,4672.56,5316507,3586,2577,2791,0,54,0,1241,0,0,1
TW,3,,Search,202505,883152.6635,17529350,1680027,0,0,\N,0,0,27450,0,0,1
KR,3,,Search,202505,292943.4176,5007313,448781,0,0,\N,0,0,8438,0,0,1
MO,3,,Search,202505,45785.9339,600049,58387,0,0,\N,0,0,1712,0,0,1
RU,3,,Search,202505,38.4091,214,65,0,0,\N,0,0,1,0,0,1
PH,3,,Search,202505,151005.486,6241662,436117,0,0,\N,0,0,6770,0,0,1
US,3,,Search,202505,220820.4699,1622671,148540,0,0,\N,0,0,3648,0,0,1
CN,3,,Search,202505,156301.6988,1648778,141814,0,0,\N,0,0,9795,0,0,1
VN,3,,Search,202505,12443.5091,320776,18286,0,0,\N,0,0,293,0,0,1
ID,3,,Search,202505,84061.9213,2882708,147992,0,0,\N,0,0,2661,0,0,1
ES,3,,Search,202505,282177.5699,5300669,495625,0,0,\N,0,0,3567,0,0,1
AE,3,,Search,202505,81651.9946,1114046,80588,0,0,\N,0,0,1581,0,0,1
MY,3,,Search,202505,626932.0672,17950802,1057988,0,0,\N,0,0,20730,0,0,1
GB,3,,Search,202505,1283355.01,18474657,1961266,0,0,\N,0,0,56927,0,0,1
IT,3,,Search,202505,668028.3478,14178364,1190667,0,0,\N,0,0,12626,0,0,1
IN,3,,Search,202505,50161.76,1499067,110848,0,0,\N,0,0,1463,0,0,1
JP,3,,Search,202505,1060596.21,12302380,1323429,0,0,\N,0,0,25439,0,0,1
AU,3,,Search,202505,225964.2622,2476482,208753,0,0,\N,0,0,4438,0,0,1
HK,3,,Search,202505,952913.9393,14736230,1439491,0,0,\N,0,0,37792,0,0,1
DE,3,,Search,202505,37016.6326,419703,52228,0,0,\N,0,0,640,0,0,1
FR,3,,Search,202505,75531.2697,1294099,117487,0,0,\N,0,0,1178,0,0,1
TH,3,,Search,202505,724048.329,16294793,1403487,0,0,\N,0,0,34994,0,0,1
CA,3,,Search,202505,3143.8775,27598,10707,0,0,\N,0,0,0,0,0,1
SA,3,,Search,202505,88012.298,2040801,148198,0,0,\N,0,0,2697,0,0,1
SG,3,,Search,202505,790072.4858,13051554,789163,0,0,\N,0,0,22835,0,0,1
AU,3,,Search,202504,208724.1957,2131289,189792,0,0,\N,0,0,4169,0,0,26
TW,3,,Search,202504,673006.3871,12906122,1377878,0,0,\N,0,0,24099,0,0,26
DE,3,,Search,202504,29635.4189,348622,41648,0,0,\N,0,0,460,0,0,26
GB,3,,Search,202504,1173429.433,17186348,1915818,0,0,\N,0,0,62928,0,0,26
JP,3,,Search,202504,925086.1808,11082311,1207729,0,0,\N,0,0,25399,0,0,26
HK,3,,Search,202504,1247573.986,14671256,1642060,0,0,\N,0,0,52045,0,0,26
CA,3,,Search,202504,3308.1286,26706,12382,0,0,\N,0,0,0,0,0,26
KR,3,,Search,202504,278685.4521,4570480,419510,0,0,\N,0,0,7748,0,0,26
SA,3,,Search,202504,52261.6981,1617678,117784,0,0,\N,0,0,1856,0,0,26
CN,3,,Search,202504,224249.1591,1822164,177575,0,0,\N,0,0,12978,0,0,26
MO,3,,Search,202504,52282.0841,519004,58241,0,0,\N,0,0,1967,0,0,26
US,3,,Search,202504,177617.2269,1616753,126842,0,0,\N,0,0,3187,0,0,26
IN,3,,Search,202504,54030.5239,1779133,133686,0,0,\N,0,0,1743,0,0,26
ES,3,,Search,202504,256707.741,5029192,451024,0,0,\N,0,0,3122,0,0,26
MY,3,,Search,202504,598032.2412,15273791,954325,0,0,\N,0,0,20838,0,0,26
PH,3,,Search,202504,136500.8484,5841242,401410,0,0,\N,0,0,6027,0,0,26
SG,3,,Search,202504,696253.1991,10425880,676189,0,0,\N,0,0,21845,0,0,26
FR,3,,Search,202504,64030.8789,971736,95831,0,0,\N,0,0,1304,0,0,26
ID,3,,Search,202504,73507.5127,2963388,165296,0,0,\N,0,0,2354,0,0,26
TH,3,,Search,202504,824553.6769,18116156,1666444,0,0,\N,0,0,41744,0,0,26
IT,3,,Search,202504,568050.3222,9856835,1030448,0,0,\N,0,0,12082,0,0,26
VN,3,,Search,202504,11715.5458,251210,15128,0,0,\N,0,0,316,0,0,26
AE,3,,Search,202504,82535.9475,1204207,91385,0,0,\N,0,0,1588,0,0,26
MY,3,,Search,202503,578142.231,13510688,886240,0,0,\N,0,0,22804,0,0,50
KH,3,,Search,202503,180.056,2217,341,0,0,\N,0,0,3,0,0,50
MO,3,,Search,202503,44378.6453,420153,47764,0,0,\N,0,0,1994,0,0,50
VN,3,,Search,202503,7509.7756,158063,11587,0,0,\N,0,0,314,0,0,50
DE,3,,Search,202503,25750.1488,328443,34452,0,0,\N,0,0,467,0,0,50
JP,3,,Search,202503,895526.4017,12118826,1273880,0,0,\N,0,0,27502,0,0,50
BD,3,,Search,202503,26.5179,1643,237,0,0,\N,0,0,1,0,0,50
CN,3,,Search,202503,155074.2903,1374336,134683,0,0,\N,0,0,9071,0,0,50
NP,3,,Search,202503,137.33,4626,727,0,0,\N,0,0,0,0,0,50
TH,3,,Search,202503,1015364.652,21546454,1897308,0,0,\N,0,0,51590,0,0,50
MM,3,,Search,202503,1.846,100,15,0,0,\N,0,0,0,0,0,50
SA,3,,Search,202503,30648.1901,921413,56710,0,0,\N,0,0,1037,0,0,50
AE,3,,Search,202503,74336.8481,1066981,86752,0,0,\N,0,0,1330,0,0,50
IN,3,,Search,202503,35405.2954,1194635,104807,0,0,\N,0,0,1216,0,0,50
PH,3,,Search,202503,169229.0672,7871931,462405,0,0,\N,0,0,7028,0,0,50
ES,3,,Search,202503,265371.4355,5042244,446471,0,0,\N,0,0,3706,0,0,50
LK,3,,Search,202503,27.0146,502,65,0,0,\N,0,0,0,0,0,50
TR,3,,Search,202503,1328.0978,628114,7226,0,0,\N,0,0,0,0,0,50
SG,3,,Search,202503,726390.4355,10502745,732785,0,0,\N,0,0,25032,0,0,50
AU,3,,Search,202503,185500.8878,2226940,186635,0,0,\N,0,0,4054,0,0,50
ID,3,,Search,202503,90245.1927,3690324,179100,0,0,\N,0,0,2983,0,0,50
KR,3,,Search,202503,311184.6667,4854309,455541,0,0,\N,0,0,8745,0,0,50
TW,3,,Search,202503,824579.1458,16309398,1677682,0,0,\N,0,0,29980,0,0,50
US,3,,Search,202503,98659.8845,902381,101261,0,0,\N,0,0,2303,0,0,50
IT,3,,Search,202503,443923.4252,7807077,752394,0,0,\N,0,0,9283,0,0,50
HK,3,,Search,202503,1302355.715,15513760,1771254,0,0,\N,0,0,58969,0,0,50
FR,3,,Search,202503,52541.1054,925430,85346,0,0,\N,0,0,967,0,0,50
NL,3,,Search,202503,140.2575,5333,135,0,0,\N,0,0,0,0,0,50
GB,3,,Search,202503,1080205.473,17638305,1858323,0,0,\N,0,0,58503,0,0,50
MV,3,,Search,202503,0.9076,14,3,0,0,\N,0,0,0,0,0,50
CA,3,,Search,202503,4669.545,43979,14910,0,0,\N,0,0,8,0,0,50
PH,3,,Search,202502,136854.2871,6615196,373709,0,0,\N,0,0,6660,0,0,82
SG,3,,Search,202502,527885.0453,7994952,579526,0,0,\N,0,0,18991,0,0,82
FR,3,,Search,202502,38622.9278,880324,65056,0,0,\N,0,0,665,0,0,82
NL,3,,Search,202502,125.8423,4507,148,0,0,\N,0,0,0,0,0,82
DE,3,,Search,202502,14259.7627,196801,21535,0,0,\N,0,0,316,0,0,82
BD,3,,Search,202502,107.9737,6242,854,0,0,\N,0,0,8,0,0,82
MY,3,,Search,202502,480814.7236,13722494,802121,0,0,\N,0,0,20518,0,0,82
IT,3,,Search,202502,413131.264,8270346,692297,0,0,\N,0,0,11611,0,0,82
LK,3,,Search,202502,37.6559,899,90,0,0,\N,0,0,2,0,0,82
ID,3,,Search,202502,57676.7707,2489280,126603,0,0,\N,0,0,2257,0,0,82
ES,3,,Search,202502,167075.7241,3907678,307381,0,0,\N,0,0,2606,0,0,82
KH,3,,Search,202502,397.8277,5662,833,0,0,\N,0,0,19,0,0,82
VN,3,,Search,202502,3744.6856,91872,6910,0,0,\N,0,0,176,0,0,82
TH,3,,Search,202502,839175.8126,16553908,1462469,0,0,\N,0,0,40943,0,0,82
KR,3,,Search,202502,344081.2049,5002395,507868,0,0,\N,0,0,9670,0,0,82
CN,3,,Search,202502,117763.0362,1072267,104342,0,0,\N,0,0,5904,0,0,82
CA,3,,Search,202502,5718.8267,48008,12482,0,0,\N,0,0,31,0,0,82
JP,3,,Search,202502,878090.662,11600267,1213992,0,0,\N,0,0,26798,0,0,82
TW,3,,Search,202502,836250.5889,16390276,1596771,0,0,\N,0,0,27775,0,0,82
SA,3,,Search,202502,26013.1587,1145513,56880,0,0,\N,0,0,1044,0,0,82
US,3,,Search,202502,57497.9151,573855,69826,0,0,\N,0,0,1535,0,0,82
TR,3,,Search,202502,6.3541,85,16,0,0,\N,0,0,0,0,0,82
GB,3,,Search,202502,977480.3219,15671289,1716613,0,0,\N,0,0,54128,0,0,82
IN,3,,Search,202502,16864.0373,777151,71554,0,0,\N,0,0,603,0,0,82
AE,3,,Search,202502,43392.5603,923891,70439,0,0,\N,0,0,900,0,0,82
HK,3,,Search,202502,1166808.812,13684482,1553954,0,0,\N,0,0,49058,0,0,82
NP,3,,Search,202502,167.5509,8535,1452,0,0,\N,0,0,8,0,0,82
MO,3,,Search,202502,36256.2142,347959,37041,0,0,\N,0,0,1352,0,0,82
MV,3,,Search,202502,4.3613,65,18,0,0,\N,0,0,0,0,0,82
MM,3,,Search,202502,8.4157,382,54,0,0,\N,0,0,0,0,0,82
AU,3,,Search,202502,117357.5851,1466333,120761,0,0,\N,0,0,2679,0,0,82
PL,3,,Search,202501,4.1877,66,10,0,0,\N,0,0,0,0,0,114
HR,3,,Search,202501,1.39,10,3,0,0,\N,0,0,0,0,0,114
GT,3,,Search,202501,0.01,1,1,0,0,\N,0,0,0,0,0,114
KZ,3,,Search,202501,2.55,20,7,0,0,\N,0,0,0,0,0,114
CH,3,,Search,202501,1.2,4,2,0,0,\N,0,0,0,0,0,114
SV,3,,Search,202501,5.22,1,1,0,0,\N,0,0,0,0,0,114
SE,3,,Search,202501,3.82,18,9,0,0,\N,0,0,0,0,0,114
ZA,3,,Search,202501,7.8733,10,5,0,0,\N,0,0,0,0,0,114
BN,3,,Search,202501,4.43,22,6,0,0,\N,0,0,0,0,0,114
MD,3,,Search,202501,2.19,1,1,0,0,\N,0,0,0,0,0,114
ZM,3,,Search,202501,0.16,1,1,0,0,\N,0,0,0,0,0,114
CY,3,,Search,202501,3.6396,16,14,0,0,\N,0,0,0,0,0,114
UZ,3,,Search,202501,4.81,12,9,0,0,\N,0,0,0,0,0,114
AL,3,,Search,202501,0.15,1,1,0,0,\N,0,0,0,0,0,114
BH,3,,Search,202501,3.91,6,6,0,0,\N,0,0,0,0,0,114
HU,3,,Search,202501,0.98,5,4,0,0,\N,0,0,0,0,0,114
BY,3,,Search,202501,4.74,4,2,0,0,\N,0,0,0,0,0,114
TH,3,,Search,202501,870260.5638,15928143,1591965,0,0,\N,0,0,45022,0,0,114
LA,3,,Search,202501,6.27,35,11,0,0,\N,0,0,0,0,0,114
DO,3,,Search,202501,0.23,1,1,0,0,\N,0,0,0,0,0,114
AM,3,,Search,202501,0.18,1,1,0,0,\N,0,0,0,0,0,114
CZ,3,,Search,202501,3.3,13,6,0,0,\N,0,0,0,0,0,114
UY,3,,Search,202501,0.56,1,1,0,0,\N,0,0,0,0,0,114
MA,3,,Search,202501,3.7137,41,13,0,0,\N,0,0,0,0,0,114
FR,3,,Search,202501,41773.3631,924912,74094,0,0,\N,0,0,737,0,0,114
MY,3,,Search,202501,437984.1098,13165110,794819,0,0,\N,0,0,19977,0,0,114
BG,3,,Search,202501,1.28,6,3,0,0,\N,0,0,0,0,0,114
PY,3,,Search,202501,0.68,0,1,0,0,\N,0,0,0,0,0,114
LK,3,,Search,202501,17.2168,776,81,0,0,\N,0,0,0,0,0,114
NZ,3,,Search,202501,30.3032,180,43,0,0,\N,0,0,1,0,0,114
IS,3,,Search,202501,1.7,3,2,0,0,\N,0,0,0,0,0,114
MN,3,,Search,202501,9.0057,120,44,0,0,\N,0,0,7,0,0,114
SN,3,,Search,202501,1.63,4,2,0,0,\N,0,0,1,0,0,114
VN,3,,Search,202501,3089.1639,60723,4328,0,0,\N,0,0,98,0,0,114
HK,3,,Search,202501,1435501.239,13954962,1771151,0,0,\N,0,0,57591,0,0,114
TZ,3,,Search,202501,0.2904,3,1,0,0,\N,0,0,0,0,0,114
PT,3,,Search,202501,2.18,20,8,0,0,\N,0,0,0,0,0,114
PR,3,,Search,202501,0.33,2,1,0,0,\N,0,0,0,0,0,114
TN,3,,Search,202501,1.985,23,13,0,0,\N,0,0,0,0,0,114
AU,3,,Search,202501,102157.9199,1653278,121753,0,0,\N,0,0,2659,0,0,114
PE,3,,Search,202501,2.072,4,2,0,0,\N,0,0,0,0,0,114
TT,3,,Search,202501,1.29,1,1,0,0,\N,0,0,0,0,0,114
NP,3,,Search,202501,198.6559,8790,1695,0,0,\N,0,0,8,0,0,114
IL,3,,Search,202501,7.5562,28,15,0,0,\N,0,0,0,0,0,114
CL,3,,Search,202501,0.22,3,3,0,0,\N,0,0,0,0,0,114
SG,3,,Search,202501,550298.4091,7945817,623141,0,0,\N,0,0,19930,0,0,114
PH,3,,Search,202501,146268.3558,6258378,432442,0,0,\N,0,0,6757,0,0,114
MG,3,,Search,202501,0.06,1,1,0,0,\N,0,0,0,0,0,114
KG,3,,Search,202501,1.53,6,2,0,0,\N,0,0,0,0,0,114
NO,3,,Search,202501,4.3,8,4,0,0,\N,0,0,0,0,0,114
LU,3,,Search,202501,0.76,7,3,0,0,\N,0,0,0,0,0,114
AE,3,,Search,202501,37071.6287,874107,67207,0,0,\N,0,0,798,0,0,114
US,3,,Search,202501,61241.9577,666224,70948,0,0,\N,0,0,1889,0,0,114
MO,3,,Search,202501,46585.322,384131,44627,0,0,\N,0,0,1608,0,0,114
CN,3,,Search,202501,164424.6142,1278678,140705,0,0,\N,0,0,8366,0,0,114
TW,3,,Search,202501,776196.4505,14278061,1455756,0,0,\N,0,0,25779,0,0,114
BD,3,,Search,202501,132.4758,6408,1005,0,0,\N,0,0,1,0,0,114
MT,3,,Search,202501,2.14,3,2,0,0,\N,0,0,1,0,0,114
BR,3,,Search,202501,8.7584,108,19,0,0,\N,0,0,0,0,0,114
RO,3,,Search,202501,1.36,6,1,0,0,\N,0,0,0,0,0,114
DK,3,,Search,202501,1.11,4,2,0,0,\N,0,0,0,0,0,114
ZW,3,,Search,202501,1.6223,13,5,0,0,\N,0,0,0,0,0,114
DZ,3,,Search,202501,3.6154,26,21,0,0,\N,0,0,0,0,0,114
GR,3,,Search,202501,2.1421,23,12,0,0,\N,0,0,0,0,0,114
MV,3,,Search,202501,33.7325,123,45,0,0,\N,0,0,4,0,0,114
EE,3,,Search,202501,1.8624,4,2,0,0,\N,0,0,0,0,0,114
MX,3,,Search,202501,6.4202,20,6,0,0,\N,0,0,0,0,0,114
MM,3,,Search,202501,18.5935,318,72,0,0,\N,0,0,1,0,0,114
KR,3,,Search,202501,434650.7138,5260304,627800,0,0,\N,0,0,11603,0,0,114
AR,3,,Search,202501,2.05,14,4,0,0,\N,0,0,0,0,0,114
DE,3,,Search,202501,12601.8848,239005,24742,0,0,\N,0,0,276,0,0,114
CR,3,,Search,202501,0.02,1,3,0,0,\N,0,0,0,0,0,114
TR,3,,Search,202501,31.5997,438,70,0,0,\N,0,0,2,0,0,114
ES,3,,Search,202501,159054.65,3938851,330374,0,0,\N,0,0,1210,0,0,114
LB,3,,Search,202501,0.0676,3,2,0,0,\N,0,0,0,0,0,114
RE,3,,Search,202501,0.49,1,1,0,0,\N,0,0,0,0,0,114
CM,3,,Search,202501,0.7273,3,4,0,0,\N,0,0,0,0,0,114
GB,3,,Search,202501,1168821.342,18105554,2082428,0,0,\N,0,0,60722,0,0,114
LV,3,,Search,202501,1.19,3,2,0,0,\N,0,0,0,0,0,114
MU,3,,Search,202501,1.9098,14,7,0,0,\N,0,0,0,0,0,114
QA,3,,Search,202501,10.5467,27,13,0,0,\N,0,0,1,0,0,114
CA,3,,Search,202501,4286.5336,56261,10430,0,0,\N,0,0,38,0,0,114
IT,3,,Search,202501,405977.8986,9884504,757717,0,0,\N,0,0,11216,0,0,114
AT,3,,Search,202501,0.64,6,6,0,0,\N,0,0,0,0,0,114
IE,3,,Search,202501,14.64,25,14,0,0,\N,0,0,1,0,0,114
NL,3,,Search,202501,129.7266,18688,267,0,0,\N,0,0,5,0,0,114
KH,3,,Search,202501,581.8355,6418,1096,0,0,\N,0,0,34,0,0,114
KE,3,,Search,202501,3.3801,18,7,0,0,\N,0,0,0,0,0,114
SA,3,,Search,202501,20704.9221,1130233,46528,0,0,\N,0,0,728,0,0,114
NG,3,,Search,202501,1.7,23,9,0,0,\N,0,0,0,0,0,114
IN,3,,Search,202501,10811.1933,647343,59744,0,0,\N,0,0,459,0,0,114
JP,3,,Search,202501,873106.4359,12728479,1314513,0,0,\N,0,0,26976,0,0,114
RS,3,,Search,202501,2.42,11,8,0,0,\N,0,0,0,0,0,114
OM,3,,Search,202501,0.55,1,1,0,0,\N,0,0,0,0,0,114
ID,3,,Search,202501,55918.2431,2860684,136338,0,0,\N,0,0,2170,0,0,114
IQ,3,,Search,202501,2.08,7,4,0,0,\N,0,0,0,0,0,114
SI,3,,Search,202501,1.62,2,2,0,0,\N,0,0,0,0,0,114
GH,3,,Search,202501,4.53,9,8,0,0,\N,0,0,0,0,0,114
JO,3,,Search,202501,4.23,10,4,0,0,\N,0,0,0,0,0,114
BE,3,,Search,202501,4.3777,58,26,0,0,\N,0,0,0,0,0,114
TW,1,FB,Traffic,202505,1804.33,1707076,18237,14881,15159,2,0,0,417,0,2,1
SG,1,IG,Traffic,202505,1665.96,580247,3200,2954,3010,0,0,0,570,0,0,1
MY,1,IG,Traffic,202505,1663.52,2100561,13241,12120,12297,0,0,0,247,0,0,1
ID,18,,Traffic,202503,902.71,2678653,892661,892199,892661,462,2452360,170552,0,0,0,1
GB,18,,Traffic,202501,342.77,800381,6460,3112,6460,1693,781887,130813,0,0,202,2
AT,18,,Traffic,202501,26.27,38118,472,276,472,125,37347,10156,0,0,21,2
SG,18,,Traffic,202501,363.22,260693,4637,3048,4637,989,211348,64325,0,0,64,2
DE,18,,Traffic,202501,37.55,36995,673,483,673,179,35553,12930,0,0,34,2
FR,18,,Traffic,202501,125.45,248888,2231,1378,2231,602,245543,60711,0,0,102,2
SG,3,,VVC,202505,20.4964,8689,6,0,3211,\N,2199,0,0,0,0,1
AU,3,,VVC,202505,13.9643,7242,4,0,2206,\N,1629,0,0,0,0,1
PH,3,,VVC,202505,3212.0432,5857566,6183,0,1856636,\N,1281730,0,0,0,0,1
TH,3,,VVC,202505,282.7825,232367,541,0,129833,\N,90486,0,0,0,0,1
HK,3,,VVC,202505,12.9917,2932,11,0,1945,\N,1387,0,0,0,0,1
CA,3,,VVC,202505,58.3861,11935,39,0,8076,\N,6026,0,0,0,0,1
MY,3,,VVC,202505,614.8839,726966,1065,0,269472,\N,185485,0,0,0,0,1
AE,3,,VVC,202505,101.0157,85860,20,0,24063,\N,17456,0,0,0,0,1
GB,3,,VVC,202505,32.3222,19931,11,0,5049,\N,3615,0,0,0,0,1
NZ,3,,VVC,202505,4.9474,2500,3,0,988,\N,773,0,0,0,0,1
US,3,,VVC,202505,41.3437,7456,25,0,5840,\N,4241,0,0,0,0,1
CA,18,,Video Views,202501,3.77,4671,17,0,17,5,4639,1555,0,0,0,1
IE,18,,Video Views,202501,10.08,18081,49,0,49,15,18021,5031,0,0,2,1
DK,18,,Video Views,202501,2.11,2665,10,0,10,2,2656,879,0,0,0,1
AT,18,,Video Views,202501,6.95,12515,35,0,35,10,12463,3956,0,0,0,1
PT,18,,Video Views,202501,44.44,78805,210,0,210,62,78328,22663,0,0,8,1
GB,18,,Video Views,202501,0.16,114,0,0,0,0,112,53,0,0,0,1
SE,18,,Video Views,202501,10.71,18372,49,0,49,14,18272,5069,0,0,1,1
BE,18,,Video Views,202501,0.2,455,0,0,0,0,454,125,0,0,0,1
DE,18,,Video Views,202501,4.58,11008,25,0,25,9,10977,2726,0,0,1,1
CH,18,,Video Views,202501,2.25,3480,11,0,11,1,3461,1193,0,0,0,1
TH,18,,Video Views,202501,500,783562,8915,0,8915,7663,776134,389301,0,0,142,1
NL,18,,Video Views,202501,4.78,7105,24,0,24,7,7078,2270,0,0,0,1
FR,18,,Video Views,202501,17.67,37411,85,0,85,22,37164,9399,0,0,5,1
PL,18,,Video Views,202501,196.96,487402,953,0,953,285,484655,132252,0,0,41,1
IT,18,,Video Views,202501,92.82,249764,443,0,443,131,247684,56282,0,0,20,1
FI,18,,Video Views,202501,6.82,10632,34,0,34,11,10601,3327,0,0,1,1
ES,18,,Video Views,202501,64.7,147438,300,0,300,89,146381,33036,0,0,13,1
AU,18,,Video Views,202501,0.13,315,0,0,0,0,313,46,0,0,0,1
GR,18,,Video Views,202501,23.58,38552,110,0,110,32,38132,13496,0,0,8,1
NO,18,,Video Views,202501,7.29,9702,34,0,34,11,9687,3215,0,0,0,1
,,,,,,,,,,,,,,,,
,,,,,,,,,,,,,,,,
,,,,,,,,,,,,,,,,
,,,,,,,,,,,,,,,,
,,,,,,,,,,,,,,,,
,,,,,,,,,,,,,,,,
,,,,,,,,,,,,,,,,
,,,,,,,,,,,,,,,,
,,,,,,,,,,,,,,,,
,,,,,,,,,,,,,,,,
,,,,,,,,,,,,,,,,
,,,,,,,,,,,,,,,,
,,,,,,,,,,,,,,,,
,,,,,,,,,,,,,,,,
,,,,,,,,,,,,,,,,
,,,,,,,,,,,,,,,,
,,,,,,,,,,,,,,,,
,,,,,,,,,,,,,,,,
,,,,,,,,,,,,,,,,
,,,,,,,,,,,,,,,,
,,,,,,,,,,,,,,,,
,,,,,,,,,,,,,,,,
,,,,,,,,,,,,,,,,
,,,,,,,,,,,,,,,,
,,,,,,,,,,,,,,,,
,,,,,,,,,,,,,,,,
,,,,,,,,,,,,,,,,
,,,,,,,,,,,,,,,,
,,,,,,,,,,,,,,,,
,,,,,,,,,,,,,,,,
,,,,,,,,,,,,,,,,
,,,,,,,,,,,,,,,,
,,,,,,,,,,,,,,,,
,,,,,,,,,,,,,,,,
,,,,,,,,,,,,,,,,
,,,,,,,,,,,,,,,,
,,,,,,,,,,,,,,,,
,,,,,,,,,,,,,,,,
,,,,,,,,,,,,,,,,
,,,,,,,,,,,,,,,,
,,,,,,,,,,,,,,,,
,,,,,,,,,,,,,,,,
,,,,,,,,,,,,,,,,
,,,,,,,,,,,,,,,,
,,,,,,,,,,,,,,,,
,,,,,,,,,,,,,,,,
,,,,,,,,,,,,,,,,
,,,,,,,,,,,,,,,,
,,,,,,,,,,,,,,,,
,,,,,,,,,,,,,,,,
,,,,,,,,,,,,,,,,
,,,,,,,,,,,,,,,,
,,,,,,,,,,,,,,,,
,,,,,,,,,,,,,,,,
,,,,,,,,,,,,,,,,
,,,,,,,,,,,,,,,,
,,,,,,,,,,,,,,,,
,,,,,,,,,,,,,,,,
,,,,,,,,,,,,,,,,
,,,,,,,,,,,,,,,,
,,,,,,,,,,,,,,,,
,,,,,,,,,,,,,,,,
,,,,,,,,,,,,,,,,
,,,,,,,,,,,,,,,,
,,,,,,,,,,,,,,,,
,,,,,,,,,,,,,,,,
,,,,,,,,,,,,,,,,
,,,,,,,,,,,,,,,,
,,,,,,,,,,,,,,,,
,,,,,,,,,,,,,,,,
,,,,,,,,,,,,,,,,
,,,,,,,,,,,,,,,,
,,,,,,,,,,,,,,,,
,,,,,,,,,,,,,,,,
,,,,,,,,,,,,,,,,
,,,,,,,,,,,,,,,,
,,,,,,,,,,,,,,,,
,,,,,,,,,,,,,,,,
,,,,,,,,,,,,,,,,
,,,,,,,,,,,,,,,,
,,,,,,,,,,,,,,,,
,,,,,,,,,,,,,,,,
,,,,,,,,,,,,,,,,
,,,,,,,,,,,,,,,,
,,,,,,,,,,,,,,,,
,,,,,,,,,,,,,,,,
,,,,,,,,,,,,,,,,
,,,,,,,,,,,,,,,,
,,,,,,,,,,,,,,,,
,,,,,,,,,,,,,,,,
,,,,,,,,,,,,,,,,
,,,,,,,,,,,,,,,,
,,,,,,,,,,,,,,,,
,,,,,,,,,,,,,,,,
,,,,,,,,,,,,,,,,
,,,,,,,,,,,,,,,,
,,,,,,,,,,,,,,,,
,,,,,,,,,,,,,,,,
,,,,,,,,,,,,,,,,
,,,,,,,,,,,,,,,,
,,,,,,,,,,,,,,,,
,,,,,,,,,,,,,,,,
,,,,,,,,,,,,,,,,
,,,,,,,,,,,,,,,,
,,,,,,,,,,,,,,,,
,,,,,,,,,,,,,,,,
,,,,,,,,,,,,,,,,
,,,,,,,,,,,,,,,,
,,,,,,,,,,,,,,,,
,,,,,,,,,,,,,,,,
,,,,,,,,,,,,,,,,
,,,,,,,,,,,,,,,,
,,,,,,,,,,,,,,,,
,,,,,,,,,,,,,,,,
,,,,,,,,,,,,,,,,
,,,,,,,,,,,,,,,,
,,,,,,,,,,,,,,,,
,,,,,,,,,,,,,,,,
,,,,,,,,,,,,,,,,
,,,,,,,,,,,,,,,,
,,,,,,,,,,,,,,,,
,,,,,,,,,,,,,,,,
,,,,,,,,,,,,,,,,
,,,,,,,,,,,,,,,,
,,,,,,,,,,,,,,,,
,,,,,,,,,,,,,,,,
,,,,,,,,,,,,,,,,
,,,,,,,,,,,,,,,,
,,,,,,,,,,,,,,,,
,,,,,,,,,,,,,,,,
,,,,,,,,,,,,,,,,
,,,,,,,,,,,,,,,,
,,,,,,,,,,,,,,,,
,,,,,,,,,,,,,,,,
,,,,,,,,,,,,,,,,
,,,,,,,,,,,,,,,,
,,,,,,,,,,,,,,,,
,,,,,,,,,,,,,,,,
,,,,,,,,,,,,,,,,
,,,,,,,,,,,,,,,,
,,,,,,,,,,,,,,,,
,,,,,,,,,,,,,,,,
,,,,,,,,,,,,,,,,
,,,,,,,,,,,,,,,,
,,,,,,,,,,,,,,,,
,,,,,,,,,,,,,,,,
,,,,,,,,,,,,,,,,
,,,,,,,,,,,,,,,,
,,,,,,,,,,,,,,,,
,,,,,,,,,,,,,,,,
,,,,,,,,,,,,,,,,
,,,,,,,,,,,,,,,,
,,,,,,,,,,,,,,,,
,,,,,,,,,,,,,,,,
,,,,,,,,,,,,,,,,
,,,,,,,,,,,,,,,,
,,,,,,,,,,,,,,,,
,,,,,,,,,,,,,,,,
,,,,,,,,,,,,,,,,
,,,,,,,,,,,,,,,,
,,,,,,,,,,,,,,,,
,,,,,,,,,,,,,,,,
,,,,,,,,,,,,,,,,
,,,,,,,,,,,,,,,,
,,,,,,,,,,,,,,,,
,,,,,,,,,,,,,,,,
,,,,,,,,,,,,,,,,
,,,,,,,,,,,,,,,,
,,,,,,,,,,,,,,,,
,,,,,,,,,,,,,,,,
,,,,,,,,,,,,,,,,
,,,,,,,,,,,,,,,,
,,,,,,,,,,,,,,,,
,,,,,,,,,,,,,,,,
,,,,,,,,,,,,,,,,
,,,,,,,,,,,,,,,,
,,,,,,,,,,,,,,,,
,,,,,,,,,,,,,,,,
,,,,,,,,,,,,,,,,
,,,,,,,,,,,,,,,,
,,,,,,,,,,,,,,,,
,,,,,,,,,,,,,,,,
,,,,,,,,,,,,,,,,
